{
  "data": [
    {
      "id": "1",
      "title": "Summer Sale Campaign",
      "countries": [
        "USA",
        "UK"
      ],
      "devices": [
        "Mobile",
        "Desktop"
      ],
      "duration": "30 days",
      "budget": 5000,
      "imageUrl": "https://img.freepik.com/premium-psd/lipstick-sale-social-media-post_896053-20.jpg?w=826",
      "status": "Approved"
    },
    {
      "id": "2",
      "title": "ass",
      "countries": [
        "UK"
      ],
      "devices": [
        "Desktop"
      ],
      "duration": "asxass",
      "budget": "232",
      "paymentMethod": "Credit Card",
      "imageUrl": "https://img.freepik.com/premium-psd/lipstick-sale-social-media-post_896053-20.jpg?w=826",
      "status": "pending"
    },
    {
      "id": "3",
      "title": "dsdds",
      "countries": [
        "India"
      ],
      "devices": [
        "Tablet"
      ],
      "duration": "23",
      "budget": "23323",
      "paymentMethod": "Credit Card",
      "imageUrl": "https://img.freepik.com/premium-psd/lipstick-sale-social-media-post_896053-20.jpg?w=826",
      "status": "pending"
    },
    {
      "id": "4",
      "title": "Sale On Lipstick Campaign",
      "countries": [
        "Canada"
      ],
      "devices": [
        "Tablet"
      ],
      "duration": "2qe",
      "budget": "3243",
      "paymentMethod": "Credit Card",
      "imageUrl": "https://img.freepik.com/premium-psd/lipstick-sale-social-media-post_896053-20.jpg?w=826",
      "status": "pending"
    },
    {
      "id": "5",
      "title": "ashika",
      "countries": [
        "UK"
      ],
      "devices": [
        "Mobile"
      ],
      "duration": "100",
      "budget": "1212",
      "paymentMethod": "Credit Card",
      "imageUrl": "https://img.freepik.com/premium-psd/lipstick-sale-social-media-post_896053-20.jpg?w=826",
      "status": "pending"
    },
    {
      "id": "6",
      "title": " jhbj",
      "countries": [
        "India"
      ],
      "devices": [
        "Desktop"
      ],
      "duration": "878",
      "budget": "980",
      "paymentMethod": "PayPal",
      "imageUrl": "https://img.freepik.com/premium-psd/lipstick-sale-social-media-post_896053-20.jpg?w=826",
      "status": "pending"
    },
    {
      "id": 7,
      "title": "ashika",
      "countries": [
        "USA"
      ],
      "devices": [
        "Desktop"
      ],
      "duration": "1",
      "budget": "121",
      "paymentMethod": "Credit Card",
      "imageUrl": "https://img.freepik.com/premium-psd/lipstick-sale-social-media-post_896053-20.jpg?w=826",
      "status": "pending"
    }
  ]
}