{
  "users": [
    {
      "id": "624f",
      "firstName": "ashika fgtr",
      "lastName": "gajera",
      "userName": "ashika",
      "password": "123",
      "client": [
        {
          "id": "1",
          "title": "Summer Sale Campaign",
          "countries": [
            "USA",
            "UK"
          ],
          "devices": [
            "Mobile",
            "Desktop"
          ],
          "duration": "30 days",
          "budget": 5000,
          "imageUrl": "https://img.freepik.com/premium-psd/lipstick-sale-social-media-post_896053-20.jpg?w=826",
          "status": "Approved"
        },
        {
          "title": "Add On Dove Shamppoo",
          "countries": [
            "USA",
            "Canada",
            "UK"
          ],
          "devices": [
            "Mobile",
            "Tablet",
            "Desktop",
            "Laptop"
          ],
          "duration": "25 days",
          "budget": "1999",
          "paymentMethod": "Credit Card",
          "imageUrl": "https://newspaperads.ads2publish.com/wp-content/uploads/2018/10/dove-shampoo-intense-repair-all-new-one-ad-times-of-india-mumbai-26-10-2018.png",
          "status": "Rejected",
          "id": "2"
        },
        {
          "title": "Advertise On Crypto ",
          "countries": [
            "Canada",
            "UK",
            "India",
            "Australia",
            "Germany",
            "France",
            "Italy",
            "Spain",
            "Netherlands",
            "Brazil",
            "Mexico",
            "Argentina",
            "South Africa",
            "Japan",
            "South Korea",
            "China"
          ],
          "devices": [
            "Mobile",
            "Tablet",
            "Laptop",
            "Smart TV",
            "Wearable",
            "Gaming Console"
          ],
          "duration": "200 days",
          "budget": "100000",
          "paymentMethod": "Bank Transfer",
          "imageUrl": "https://i.pinimg.com/736x/65/e8/de/65e8de83f2f1fc6b407812f36c28f502.jpg",
          "status": "Approved",
          "id": "3"
        },
        {
          "title": "fdaqsv",
          "countries": [
            "Canada",
            "UK",
            "India",
            "Australia",
            "Germany",
            "France",
            "Italy",
            "Spain",
            "Netherlands",
            "Brazil",
            "Mexico",
            "Argentina",
            "South Africa",
            "Japan",
            "South Korea",
            "China",
            "Russia"
          ],
          "devices": [
            "Mobile",
            "Tablet",
            "Desktop",
            "Laptop"
          ],
          "duration": "20 days",
          "budget": "45466",
          "paymentMethod": "Credit Card",
          "imageUrl": "https://newspaperads.ads2publish.com/wp-content/uploads/2018/10/dove-shampoo-intense-repair-all-new-one-ad-times-of-india-mumbai-26-10-2018.png",
          "status": "Rejected",
          "id": "4"
        },
        {
          "title": "sdrf",
          "countries": [
            "China",
            "Russia",
            "UAE"
          ],
          "devices": [
            "Desktop",
            "Laptop",
            "Smart TV",
            "Wearable",
            "Gaming Console"
          ],
          "duration": "20 days",
          "budget": "10000",
          "paymentMethod": "Credit Card",
          "imageUrl": "https://th.bing.com/th/id/OIP.mpmxf810wjRDQSMNahWqswHaE8?w=263&h=180&c=7&r=0&o=5&dpr=1.3&pid=1.7",
          "status": "Rejected",
          "id": "5"
        },
        {
          "title": "ad on lipstick",
          "countries": [
            "USA",
            "Canada",
            "Netherlands",
            "Brazil",
            "Mexico",
            "Argentina",
            "South Africa",
            "Japan",
            "South Korea",
            "China",
            "Russia",
            "UAE",
            "Saudi Arabia"
          ],
          "devices": [
            "Laptop",
            "Smart TV",
            "Wearable",
            "Gaming Console"
          ],
          "duration": "20 days",
          "budget": "50000",
          "paymentMethod": "Bank Transfer",
          "imageUrl": "https://th.bing.com/th/id/OIP.ejNJT3EmyskMoSY04EfxwQHaFO?rs=1&pid=ImgDetMain",
          "status": "pending",
          "id": "6"
        }
      ]
    },
    {
      "id": "3eea",
      "firstName": "mayaa",
      "lastName": "goti",
      "userName": "maya",
      "password": "12",
      "client": [
        {
          "title": "Sale On Lipstick Campaign",
          "countries": [
            "USA",
            "Canada",
            "UK",
            "India",
            "Australia",
            "Germany",
            "France",
            "Italy",
            "Spain",
            "Netherlands",
            "Brazil",
            "Mexico",
            "Argentina",
            "South Africa",
            "Japan",
            "South Korea",
            "China",
            "Russia",
            "UAE"
          ],
          "devices": [
            "Tablet",
            "Desktop",
            "Laptop",
            "Smart TV",
            "Wearable",
            "Gaming Console"
          ],
          "duration": "20 days",
          "budget": "100000",
          "paymentMethod": "Credit Card",
          "imageUrl": "https://img.freepik.com/premium-psd/lipstick-sale-social-media-post_896053-20.jpg?w=826",
          "status": "Approved",
          "id": "1"
        }
      ]
    },
    {
      "id": "fb05",
      "firstName": "ashika",
      "lastName": "Gajera",
      "userName": "ashi",
      "password": "123",
      "friend": [],
      "client": []
    },
    {
      "id": "b514",
      "firstName": "manali",
      "lastName": "mona",
      "userName": "monu",
      "password": "12323232",
      "client": []
    },
    {
      "id": "a6a6",
      "firstName": "ashika",
      "lastName": "bhutt",
      "userName": "ashuuuu",
      "password": "123456",
      "client": []
    }
  ]
}